{"0.25": {"eval_loss": 0.6932699680328369, "eval_accuracy": 0.496996996996997, "eval_f1_macro": 0.4623790648080097, "eval_f1_weighted": 0.4623790648080097, "eval_precision": 0.49595520357594014, "eval_recall": 0.49699699699699695, "eval_auroc": 0.49699699699699695, "eval_runtime": 2.3519, "eval_samples_per_second": 283.169, "eval_steps_per_second": 2.976, "epoch": 25.0}, "0.5": {"eval_loss": 0.6928256154060364, "eval_accuracy": 0.524024024024024, "eval_f1_macro": 0.48958361035425635, "eval_f1_weighted": 0.48958361035425635, "eval_precision": 0.532905138339921, "eval_recall": 0.524024024024024, "eval_auroc": 0.524024024024024, "eval_runtime": 2.3686, "eval_samples_per_second": 281.18, "eval_steps_per_second": 2.955, "epoch": 25.0}, "0.75": {"eval_loss": 0.6927742958068848, "eval_accuracy": 0.521021021021021, "eval_f1_macro": 0.4888841308066313, "eval_f1_weighted": 0.4888841308066313, "eval_precision": 0.5280843373493975, "eval_recall": 0.5210210210210211, "eval_auroc": 0.521021021021021, "eval_runtime": 2.35, "eval_samples_per_second": 283.403, "eval_steps_per_second": 2.979, "epoch": 25.0}, "1.0": {"eval_loss": 0.6926871538162231, "eval_accuracy": 0.5195195195195195, "eval_f1_macro": 0.48930296756383707, "eval_f1_weighted": 0.48930296756383707, "eval_precision": 0.5255715045188729, "eval_recall": 0.5195195195195195, "eval_auroc": 0.5195195195195196, "eval_runtime": 2.3534, "eval_samples_per_second": 282.994, "eval_steps_per_second": 2.974, "epoch": 25.0}}