{"0.25": {"eval_loss": 0.6934651136398315, "eval_accuracy": 0.48375451263537905, "eval_f1_macro": 0.4440795475278234, "eval_f1_weighted": 0.4435433993506942, "eval_precision": 0.478506455399061, "eval_recall": 0.48472526326764676, "eval_auroc": 0.48472526326764676, "eval_runtime": 0.9834, "eval_samples_per_second": 281.682, "eval_steps_per_second": 3.051, "epoch": 25.0}, "0.5": {"eval_loss": 0.6924956440925598, "eval_accuracy": 0.5342960288808665, "eval_f1_macro": 0.4941892561398542, "eval_f1_weighted": 0.4947034455339697, "eval_precision": 0.5484593199757134, "eval_recall": 0.5332864143467835, "eval_auroc": 0.5332864143467835, "eval_runtime": 0.9856, "eval_samples_per_second": 281.049, "eval_steps_per_second": 3.044, "epoch": 25.0}, "0.75": {"eval_loss": 0.6925008893013, "eval_accuracy": 0.5342960288808665, "eval_f1_macro": 0.4941892561398542, "eval_f1_weighted": 0.4947034455339697, "eval_precision": 0.5484593199757134, "eval_recall": 0.5332864143467835, "eval_auroc": 0.5332864143467835, "eval_runtime": 0.9798, "eval_samples_per_second": 282.72, "eval_steps_per_second": 3.062, "epoch": 25.0}, "1.0": {"eval_loss": 0.6925026774406433, "eval_accuracy": 0.5342960288808665, "eval_f1_macro": 0.4941892561398542, "eval_f1_weighted": 0.4947034455339697, "eval_precision": 0.5484593199757134, "eval_recall": 0.5332864143467835, "eval_auroc": 0.5332864143467835, "eval_runtime": 0.9818, "eval_samples_per_second": 282.129, "eval_steps_per_second": 3.056, "epoch": 25.0}}