{"0.25": {"eval_loss": 0.6932699680328369, "eval_accuracy": 0.496996996996997, "eval_f1_macro": 0.4623790648080097, "eval_f1_weighted": 0.4623790648080097, "eval_runtime": 2.43, "eval_samples_per_second": 274.07, "eval_steps_per_second": 2.881, "epoch": 25.0}, "0.5": {"eval_loss": 0.6928256154060364, "eval_accuracy": 0.524024024024024, "eval_f1_macro": 0.48958361035425635, "eval_f1_weighted": 0.48958361035425635, "eval_runtime": 2.359, "eval_samples_per_second": 282.326, "eval_steps_per_second": 2.967, "epoch": 25.0}, "0.75": {"eval_loss": 0.6927742958068848, "eval_accuracy": 0.521021021021021, "eval_f1_macro": 0.4888841308066313, "eval_f1_weighted": 0.4888841308066313, "eval_runtime": 2.3592, "eval_samples_per_second": 282.303, "eval_steps_per_second": 2.967, "epoch": 25.0}, "1.0": {"eval_loss": 0.6926871538162231, "eval_accuracy": 0.5195195195195195, "eval_f1_macro": 0.48930296756383707, "eval_f1_weighted": 0.48930296756383707, "eval_runtime": 2.4071, "eval_samples_per_second": 276.681, "eval_steps_per_second": 2.908, "epoch": 25.0}}