{"0.25": {"eval_loss": 0.6934651136398315, "eval_accuracy": 0.48375451263537905, "eval_f1_macro": 0.4440795475278234, "eval_f1_weighted": 0.4435433993506942, "eval_precision_macro": 0.478506455399061, "eval_precision_weighted": 0.47847123353841464, "eval_recall_macro": 0.48472526326764676, "eval_recall_weighted": 0.48375451263537905, "eval_tp": [30, 104], "eval_fp": [34, 109], "eval_tn": [104, 30], "eval_fn": [109, 34], "eval_runtime": 1.0094, "eval_samples_per_second": 274.432, "eval_steps_per_second": 2.972, "epoch": 25.0}, "0.5": {"eval_loss": 0.6924956440925598, "eval_accuracy": 0.5342960288808665, "eval_f1_macro": 0.4941892561398542, "eval_f1_weighted": 0.4947034455339697, "eval_precision_macro": 0.5484593199757134, "eval_precision_weighted": 0.5483679439041337, "eval_recall_macro": 0.5332864143467835, "eval_recall_weighted": 0.5342960288808665, "eval_tp": [113, 35], "eval_fp": [103, 26], "eval_tn": [35, 113], "eval_fn": [26, 103], "eval_runtime": 0.9853, "eval_samples_per_second": 281.122, "eval_steps_per_second": 3.045, "epoch": 25.0}, "0.75": {"eval_loss": 0.6925008893013, "eval_accuracy": 0.5342960288808665, "eval_f1_macro": 0.4941892561398542, "eval_f1_weighted": 0.4947034455339697, "eval_precision_macro": 0.5484593199757134, "eval_precision_weighted": 0.5483679439041337, "eval_recall_macro": 0.5332864143467835, "eval_recall_weighted": 0.5342960288808665, "eval_tp": [113, 35], "eval_fp": [103, 26], "eval_tn": [35, 113], "eval_fn": [26, 103], "eval_runtime": 0.9807, "eval_samples_per_second": 282.451, "eval_steps_per_second": 3.059, "epoch": 25.0}, "1.0": {"eval_loss": 0.6925026774406433, "eval_accuracy": 0.5342960288808665, "eval_f1_macro": 0.4941892561398542, "eval_f1_weighted": 0.4947034455339697, "eval_precision_macro": 0.5484593199757134, "eval_precision_weighted": 0.5483679439041337, "eval_recall_macro": 0.5332864143467835, "eval_recall_weighted": 0.5342960288808665, "eval_tp": [113, 35], "eval_fp": [103, 26], "eval_tn": [35, 113], "eval_fn": [26, 103], "eval_runtime": 0.9972, "eval_samples_per_second": 277.779, "eval_steps_per_second": 3.008, "epoch": 25.0}}