{"0.25": {"eval_loss": 0.32715415954589844, "eval_accuracy": 0.855595667870036, "eval_f1_macro": 0.8555486024196912, "eval_f1_weighted": 0.8555391893296223, "eval_precision": 0.8562291144527987, "eval_recall": 0.855671984151809, "eval_auroc": 0.855671984151809, "eval_runtime": 0.9815, "eval_samples_per_second": 282.211, "eval_steps_per_second": 3.056, "epoch": 25.0}, "0.5": {"eval_loss": 0.3914715349674225, "eval_accuracy": 0.8592057761732852, "eval_f1_macro": 0.8590220412637513, "eval_f1_weighted": 0.8590404147547047, "eval_precision": 0.860779384035198, "eval_recall": 0.8590866437284954, "eval_auroc": 0.8590866437284955, "eval_runtime": 0.9827, "eval_samples_per_second": 281.872, "eval_steps_per_second": 3.053, "epoch": 25.0}, "0.75": {"eval_loss": 0.5000463128089905, "eval_accuracy": 0.8411552346570397, "eval_f1_macro": 0.840987370838117, "eval_f1_weighted": 0.8410060223735529, "eval_precision": 0.8423338566195709, "eval_recall": 0.8410489000104264, "eval_auroc": 0.8410489000104265, "eval_runtime": 0.9822, "eval_samples_per_second": 282.008, "eval_steps_per_second": 3.054, "epoch": 25.0}, "1.0": {"eval_loss": 0.49611490964889526, "eval_accuracy": 0.8772563176895307, "eval_f1_macro": 0.877062447786132, "eval_f1_weighted": 0.8770800723228045, "eval_precision": 0.8792994966442953, "eval_recall": 0.8771243874465644, "eval_auroc": 0.8771243874465645, "eval_runtime": 0.9822, "eval_samples_per_second": 282.031, "eval_steps_per_second": 3.054, "epoch": 25.0}}