{"0.25": {"eval_loss": 0.32715415954589844, "eval_accuracy": 0.855595667870036, "eval_f1_macro": 0.8555486024196912, "eval_f1_weighted": 0.8555391893296223, "eval_precision_macro": 0.8562291144527987, "eval_precision_weighted": 0.856286700505777, "eval_recall_macro": 0.855671984151809, "eval_recall_weighted": 0.855595667870036, "eval_tp": [116, 121], "eval_fp": [17, 23], "eval_tn": [121, 116], "eval_fn": [23, 17], "eval_runtime": 0.982, "eval_samples_per_second": 282.083, "eval_steps_per_second": 3.055, "epoch": 25.0}, "0.5": {"eval_loss": 0.3914715349674225, "eval_accuracy": 0.8592057761732852, "eval_f1_macro": 0.8590220412637513, "eval_f1_weighted": 0.8590404147547047, "eval_precision_macro": 0.860779384035198, "eval_precision_weighted": 0.8606965625687815, "eval_recall_macro": 0.8590866437284954, "eval_recall_weighted": 0.8592057761732852, "eval_tp": [124, 114], "eval_fp": [24, 15], "eval_tn": [114, 124], "eval_fn": [15, 24], "eval_runtime": 0.9825, "eval_samples_per_second": 281.933, "eval_steps_per_second": 3.053, "epoch": 25.0}, "0.75": {"eval_loss": 0.5000463128089905, "eval_accuracy": 0.8411552346570397, "eval_f1_macro": 0.840987370838117, "eval_f1_weighted": 0.8410060223735529, "eval_precision_macro": 0.8423338566195709, "eval_precision_weighted": 0.8422645259158926, "eval_recall_macro": 0.8410489000104264, "eval_recall_weighted": 0.8411552346570397, "eval_tp": [121, 112], "eval_fp": [26, 18], "eval_tn": [112, 121], "eval_fn": [18, 26], "eval_runtime": 0.9875, "eval_samples_per_second": 280.516, "eval_steps_per_second": 3.038, "epoch": 25.0}, "1.0": {"eval_loss": 0.49611490964889526, "eval_accuracy": 0.8772563176895307, "eval_f1_macro": 0.877062447786132, "eval_f1_weighted": 0.8770800723228045, "eval_precision_macro": 0.8792994966442953, "eval_precision_weighted": 0.8792022024083541, "eval_recall_macro": 0.8771243874465644, "eval_recall_weighted": 0.8772563176895307, "eval_tp": [127, 116], "eval_fp": [22, 12], "eval_tn": [116, 127], "eval_fn": [12, 22], "eval_runtime": 0.9828, "eval_samples_per_second": 281.851, "eval_steps_per_second": 3.053, "epoch": 25.0}}