{"0.25": {"eval_loss": 0.4045407474040985, "eval_accuracy": 0.8948948948948949, "eval_f1_macro": 0.8948863636363636, "eval_f1_weighted": 0.8948863636363638, "eval_precision": 0.8950231387513192, "eval_recall": 0.8948948948948949, "eval_auroc": 0.8948948948948949, "eval_runtime": 2.3628, "eval_samples_per_second": 281.865, "eval_steps_per_second": 2.963, "epoch": 25.0}, "0.5": {"eval_loss": 0.44522979855537415, "eval_accuracy": 0.8933933933933934, "eval_f1_macro": 0.8933931530475364, "eval_f1_weighted": 0.8933931530475363, "eval_precision": 0.8933969410576438, "eval_recall": 0.8933933933933934, "eval_auroc": 0.8933933933933934, "eval_runtime": 2.3526, "eval_samples_per_second": 283.09, "eval_steps_per_second": 2.975, "epoch": 25.0}, "0.75": {"eval_loss": 0.5143420696258545, "eval_accuracy": 0.8828828828828829, "eval_f1_macro": 0.8828733766233766, "eval_f1_weighted": 0.8828733766233766, "eval_precision": 0.8830072257854997, "eval_recall": 0.8828828828828829, "eval_auroc": 0.8828828828828829, "eval_runtime": 2.353, "eval_samples_per_second": 283.043, "eval_steps_per_second": 2.975, "epoch": 25.0}, "1.0": {"eval_loss": 0.5319307446479797, "eval_accuracy": 0.8828828828828829, "eval_f1_macro": 0.8828818267080297, "eval_f1_weighted": 0.8828818267080298, "eval_precision": 0.8828966947738648, "eval_recall": 0.882882882882883, "eval_auroc": 0.8828828828828829, "eval_runtime": 2.3732, "eval_samples_per_second": 280.639, "eval_steps_per_second": 2.95, "epoch": 25.0}}