{"0.25": {"eval_loss": 0.4045407474040985, "eval_accuracy": 0.8948948948948949, "eval_f1_macro": 0.8948863636363636, "eval_f1_weighted": 0.8948863636363638, "eval_runtime": 2.3577, "eval_samples_per_second": 282.482, "eval_steps_per_second": 2.969, "epoch": 25.0}, "0.5": {"eval_loss": 0.44522979855537415, "eval_accuracy": 0.8933933933933934, "eval_f1_macro": 0.8933931530475364, "eval_f1_weighted": 0.8933931530475363, "eval_runtime": 2.4038, "eval_samples_per_second": 277.059, "eval_steps_per_second": 2.912, "epoch": 25.0}, "0.75": {"eval_loss": 0.5143420696258545, "eval_accuracy": 0.8828828828828829, "eval_f1_macro": 0.8828733766233766, "eval_f1_weighted": 0.8828733766233766, "eval_runtime": 2.3909, "eval_samples_per_second": 278.561, "eval_steps_per_second": 2.928, "epoch": 25.0}, "1.0": {"eval_loss": 0.5319307446479797, "eval_accuracy": 0.8828828828828829, "eval_f1_macro": 0.8828818267080297, "eval_f1_weighted": 0.8828818267080298, "eval_runtime": 2.4267, "eval_samples_per_second": 274.451, "eval_steps_per_second": 2.885, "epoch": 25.0}}