{"eval_loss": 0.6934633851051331, "eval_accuracy": 0.48375451263537905, "eval_f1_macro": 0.4440795475278234, "eval_f1_weighted": 0.4435433993506942, "eval_precision": 0.478506455399061, "eval_recall": 0.48472526326764676, "eval_auroc": 0.48472526326764676, "eval_runtime": 1.3678, "eval_samples_per_second": 202.514, "eval_steps_per_second": 6.58}