{"eval_loss": 0.6932736039161682, "eval_accuracy": 0.5, "eval_f1_macro": 0.4620003056568347, "eval_f1_weighted": 0.46200030565683464, "eval_runtime": 2.7749, "eval_samples_per_second": 240.007, "eval_steps_per_second": 7.568}