{"eval_loss": 0.6934633851051331, "eval_accuracy": 0.48375451263537905, "eval_f1_macro": 0.4440795475278234, "eval_f1_weighted": 0.4435433993506942, "eval_precision_macro": 0.478506455399061, "eval_precision_weighted": 0.47847123353841464, "eval_recall_macro": 0.48472526326764676, "eval_recall_weighted": 0.48375451263537905, "eval_roc_auc": 0.5782504431237618, "eval_confusion_matrix": [[30, 109], [34, 104]], "eval_true_labels": [1, 0, 1, 0, 0, 1, 1, 1, 1, 1, 1, 1, 0, 0, 1, 1, 1, 0, 0, 0, 0, 0, 0, 0, 0, 0, 0, 1, 1, 1, 1, 1, 0, 0, 1, 1, 0, 0, 1, 0, 1, 1, 1, 0, 0, 1, 0, 0, 1, 1, 0, 1, 1, 0, 0, 0, 0, 1, 1, 0, 1, 1, 1, 1, 0, 0, 1, 0, 0, 1, 0, 1, 0, 0, 1, 0, 0, 1, 1, 1, 0, 0, 0, 1, 0, 1, 0, 1, 0, 1, 1, 1, 0, 0, 1, 0, 1, 1, 1, 1, 1, 1, 1, 0, 0, 1, 0, 0, 0, 0, 1, 0, 1, 1, 0, 0, 0, 0, 0, 1, 1, 1, 1, 0, 1, 1, 1, 0, 0, 0, 0, 1, 0, 0, 1, 1, 0, 1, 1, 1, 0, 1, 1, 1, 1, 1, 1, 0, 0, 0, 0, 0, 1, 1, 0, 0, 0, 1, 1, 1, 0, 1, 1, 0, 1, 0, 0, 0, 0, 1, 1, 1, 1, 1, 1, 0, 1, 0, 1, 1, 1, 1, 1, 1, 0, 1, 1, 1, 0, 1, 0, 0, 0, 0, 0, 0, 0, 1, 0, 0, 1, 1, 0, 0, 0, 1, 0, 1, 0, 0, 0, 0, 1, 1, 1, 1, 1, 0, 0, 0, 0, 0, 1, 0, 0, 1, 1, 1, 0, 0, 1, 0, 0, 0, 0, 0, 1, 0, 1, 1, 1, 0, 0, 0, 0, 0, 0, 1, 0, 0, 1, 1, 0, 1, 0, 0, 1, 0, 0, 0, 0, 1, 0, 1, 0, 1, 1, 1, 1, 1, 1, 1, 1, 0, 0, 0, 1], "eval_pred_probs": [0.0273895263671875, 0.039886474609375, 0.010406494140625, 0.0262908935546875, 0.04217529296875, 0.050994873046875, 0.032501220703125, 0.00775146484375, 0.043426513671875, 0.044830322265625, 0.043975830078125, 0.02313232421875, 0.01393890380859375, 0.01218414306640625, 0.0330810546875, 0.043060302734375, 0.033447265625, 0.019012451171875, 0.0081634521484375, 0.020721435546875, 0.0390625, 0.03240966796875, 0.0467529296875, 0.028167724609375, 0.03143310546875, 0.048309326171875, 0.046234130859375, 0.041473388671875, 0.036407470703125, 0.0086822509765625, 0.0322265625, 0.0399169921875, 0.01300811767578125, 0.03204345703125, 0.0309600830078125, 0.005290985107421875, -0.0198516845703125, 0.0274810791015625, 0.01311492919921875, 0.01519775390625, 0.063232421875, 0.033172607421875, 0.0206451416015625, 0.032867431640625, 0.039825439453125, 0.00411224365234375, 0.0462646484375, 0.0166473388671875, 0.020782470703125, 0.04034423828125, 0.0176544189453125, 0.03936767578125, 0.0290679931640625, 0.02789306640625, -0.0099334716796875, 0.004222869873046875, 0.028961181640625, 0.0201416015625, 0.0240020751953125, 0.0175628662109375, 0.039764404296875, 0.04461669921875, 0.0296630859375, 0.029266357421875, 0.006927490234375, 0.036285400390625, 0.04345703125, 0.0162811279296875, 0.026641845703125, 0.01207733154296875, 0.0238494873046875, 0.018035888671875, 0.033477783203125, 0.031982421875, 0.05859375, 0.0306396484375, 0.048095703125, 0.034759521484375, 0.059814453125, 0.02032470703125, 0.016937255859375, 0.022857666015625, 0.020843505859375, 0.0246734619140625, 0.05316162109375, 0.02825927734375, 0.0516357421875, 0.04107666015625, 0.0280303955078125, 0.033355712890625, 0.017486572265625, 0.048980712890625, 0.04705810546875, 0.0279083251953125, 0.04693603515625, 0.03985595703125, 0.022979736328125, 0.036468505859375, 0.045501708984375, 0.0167694091796875, 0.045745849609375, 0.03607177734375, 0.040191650390625, 0.002849578857421875, 0.029541015625, -0.00510406494140625, 0.0367431640625, 0.0203399658203125, 0.0209197998046875, 0.0156707763671875, 0.035186767578125, 0.0411376953125, 0.01450347900390625, 0.01885986328125, 0.004913330078125, 0.0243682861328125, 0.04583740234375, 0.038604736328125, 0.028656005859375, 0.0294189453125, 0.056793212890625, 0.061553955078125, 0.043304443359375, 0.02557373046875, 0.03497314453125, 0.01389312744140625, 0.0226287841796875, 0.038787841796875, 0.0214996337890625, 0.03179931640625, 0.0251007080078125, 0.0341796875, 0.0215911865234375, 0.059906005859375, 0.03326416015625, 0.03387451171875, 0.045196533203125, 0.0494384765625, 0.01153564453125, 0.005649566650390625, 0.0299835205078125, 0.0214080810546875, 0.01029205322265625, 0.01120758056640625, 0.0224456787109375, 0.0479736328125, 0.05157470703125, 0.0009107589721679688, 0.00750732421875, 0.035003662109375, 0.04296875, 0.00519561767578125, 0.0270538330078125, 0.02764892578125, 0.03265380859375, 0.0197601318359375, 0.024017333984375, 0.0265045166015625, 0.042266845703125, 0.031463623046875, 0.031463623046875, 0.0224456787109375, 0.06072998046875, 0.026092529296875, 0.01470184326171875, 0.0163421630859375, 0.017333984375, 0.0196380615234375, 0.030670166015625, 0.054901123046875, 0.0235443115234375, 0.03741455078125, 0.0083770751953125, -0.0038967132568359375, 0.02764892578125, 0.021942138671875, 0.03271484375, 0.027618408203125, 0.0186309814453125, 0.039825439453125, 0.04034423828125, 0.02398681640625, 0.01332855224609375, 0.035064697265625, 0.0640869140625, 0.040557861328125, 0.039154052734375, 0.04119873046875, -0.0121917724609375, -0.006656646728515625, 0.03594970703125, 0.03790283203125, 0.024444580078125, 0.046173095703125, 0.01849365234375, 0.00743865966796875, 0.0112152099609375, 0.04443359375, 0.032379150390625, 0.02410888671875, 0.042724609375, 0.0170135498046875, 0.061279296875, 0.0401611328125, 0.0303955078125, 0.0273284912109375, 0.0250396728515625, 0.0134124755859375, 0.023193359375, 0.0212554931640625, 0.027984619140625, 0.01568603515625, -0.006954193115234375, 0.050506591796875, 0.02923583984375, 0.025726318359375, 0.05328369140625, 0.0233306884765625, 0.035736083984375, 0.0323486328125, 0.032135009765625, 0.027587890625, 0.046966552734375, 0.0211944580078125, 0.051513671875, 0.035400390625, 0.041015625, 0.00493621826171875, 0.036407470703125, 0.0010728836059570312, 0.027069091796875, 0.033721923828125, 0.035614013671875, 0.019134521484375, -0.00984954833984375, 0.0260009765625, 0.035888671875, 0.0311737060546875, 0.032684326171875, 0.034423828125, 0.038421630859375, 0.01702880859375, 0.03656005859375, 0.01444244384765625, 0.0276947021484375, 0.0291748046875, 0.035736083984375, 0.029754638671875, 0.04034423828125, 0.02313232421875, 0.0241241455078125, 0.01416015625, 0.020965576171875, 0.0401611328125, 0.0075531005859375, 0.025360107421875, 0.04534912109375, 0.032562255859375, 0.046142578125, 0.0153045654296875, 0.021820068359375, 0.0310821533203125, 0.031219482421875, 0.0237579345703125, 0.0321044921875, 0.0435791015625, 0.0233612060546875, 0.046478271484375, 0.0279083251953125, 0.04638671875, 0.02166748046875, 0.03912353515625, 0.0237274169921875, 0.004970550537109375, 0.020111083984375, 0.045440673828125, -0.004047393798828125], "eval_runtime": 1.3167, "eval_samples_per_second": 210.379, "eval_steps_per_second": 6.835}