{"eval_loss": 0.6934633851051331, "eval_accuracy": 0.48375451263537905, "eval_f1_macro": 0.4440795475278234, "eval_f1_weighted": 0.4435433993506942, "eval_precision_macro": 0.478506455399061, "eval_precision_weighted": 0.47847123353841464, "eval_recall_macro": 0.48472526326764676, "eval_recall_weighted": 0.48375451263537905, "eval_tp": [30, 104], "eval_fp": [34, 109], "eval_tn": [104, 30], "eval_fn": [109, 34], "eval_runtime": 1.3119, "eval_samples_per_second": 211.149, "eval_steps_per_second": 6.86}