{"eval_loss": 0.6932736039161682, "eval_accuracy": 0.5, "eval_f1_macro": 0.4620003056568347, "eval_f1_weighted": 0.46200030565683464, "eval_precision": 0.5, "eval_recall": 0.5, "eval_auroc": 0.5, "eval_runtime": 2.6124, "eval_samples_per_second": 254.941, "eval_steps_per_second": 8.039}