{"0.25": {"eval_loss": 0.691838800907135, "eval_accuracy": 0.5675675675675675, "eval_f1_macro": 0.5675675675675675, "eval_f1_weighted": 0.5675675675675675, "eval_precision": 0.5675675675675675, "eval_recall": 0.5675675675675675, "eval_auroc": 0.5675675675675675, "eval_runtime": 2.3948, "eval_samples_per_second": 278.108, "eval_steps_per_second": 2.923, "epoch": 25.0}, "0.5": {"eval_loss": 0.6798407435417175, "eval_accuracy": 0.6816816816816816, "eval_f1_macro": 0.6765360824742268, "eval_f1_weighted": 0.6765360824742268, "eval_precision": 0.6940279102019589, "eval_recall": 0.6816816816816818, "eval_auroc": 0.6816816816816816, "eval_runtime": 2.3669, "eval_samples_per_second": 281.381, "eval_steps_per_second": 2.957, "epoch": 25.0}, "0.75": {"eval_loss": 0.3387678563594818, "eval_accuracy": 0.8843843843843844, "eval_f1_macro": 0.8843778676124103, "eval_f1_weighted": 0.8843778676124106, "eval_precision": 0.8844710636455477, "eval_recall": 0.8843843843843844, "eval_auroc": 0.8843843843843844, "eval_runtime": 2.3506, "eval_samples_per_second": 283.327, "eval_steps_per_second": 2.978, "epoch": 25.0}, "1.0": {"eval_loss": 0.2984059453010559, "eval_accuracy": 0.8993993993993994, "eval_f1_macro": 0.8992992789682137, "eval_f1_weighted": 0.8992992789682136, "eval_precision": 0.9009941329856584, "eval_recall": 0.8993993993993994, "eval_auroc": 0.8993993993993994, "eval_runtime": 2.3504, "eval_samples_per_second": 283.362, "eval_steps_per_second": 2.978, "epoch": 25.0}}