{"0.25": {"eval_loss": 0.6932923793792725, "eval_accuracy": 0.49097472924187724, "eval_f1_macro": 0.4247271441827582, "eval_f1_weighted": 0.42402238263957603, "eval_precision_macro": 0.48541747951619196, "eval_precision_weighted": 0.48538807607848994, "eval_recall_macro": 0.49220623501199046, "eval_recall_weighted": 0.49097472924187724, "eval_tp": [21, 115], "eval_fp": [23, 118], "eval_tn": [115, 21], "eval_fn": [118, 23], "eval_runtime": 0.9804, "eval_samples_per_second": 282.533, "eval_steps_per_second": 3.06, "epoch": 25.0}, "0.5": {"eval_loss": 0.691850483417511, "eval_accuracy": 0.5451263537906137, "eval_f1_macro": 0.5025937749401437, "eval_f1_weighted": 0.5031188685061988, "eval_precision_macro": 0.5665643205794363, "eval_precision_weighted": 0.5664311655062138, "eval_recall_macro": 0.5440777812532582, "eval_recall_weighted": 0.5451263537906137, "eval_tp": [116, 35], "eval_fp": [103, 23], "eval_tn": [35, 116], "eval_fn": [23, 103], "eval_runtime": 0.9807, "eval_samples_per_second": 282.447, "eval_steps_per_second": 3.059, "epoch": 25.0}, "0.75": {"eval_loss": 0.6915454268455505, "eval_accuracy": 0.5451263537906137, "eval_f1_macro": 0.48733842538190364, "eval_f1_weighted": 0.4879598009561908, "eval_precision_macro": 0.5792866553736119, "eval_precision_weighted": 0.5791020050947848, "eval_recall_macro": 0.5439213846314253, "eval_recall_weighted": 0.5451263537906137, "eval_tp": [122, 29], "eval_fp": [109, 17], "eval_tn": [29, 122], "eval_fn": [17, 109], "eval_runtime": 0.9825, "eval_samples_per_second": 281.942, "eval_steps_per_second": 3.054, "epoch": 25.0}, "1.0": {"eval_loss": 0.6900911927223206, "eval_accuracy": 0.5992779783393501, "eval_f1_macro": 0.5907439204568142, "eval_f1_weighted": 0.5909572719038776, "eval_precision_macro": 0.6075076608784473, "eval_precision_weighted": 0.60740348768175, "eval_recall_macro": 0.5987644666875195, "eval_recall_weighted": 0.59927797833935, "eval_tp": [103, 63], "eval_fp": [75, 36], "eval_tn": [63, 103], "eval_fn": [36, 75], "eval_runtime": 0.9838, "eval_samples_per_second": 281.558, "eval_steps_per_second": 3.049, "epoch": 25.0}}