{"0.25": {"eval_loss": 0.691838800907135, "eval_accuracy": 0.5675675675675675, "eval_f1_macro": 0.5675675675675675, "eval_f1_weighted": 0.5675675675675675, "eval_runtime": 2.3496, "eval_samples_per_second": 283.455, "eval_steps_per_second": 2.979, "epoch": 25.0}, "0.5": {"eval_loss": 0.6798407435417175, "eval_accuracy": 0.6816816816816816, "eval_f1_macro": 0.6765360824742268, "eval_f1_weighted": 0.6765360824742268, "eval_runtime": 2.348, "eval_samples_per_second": 283.64, "eval_steps_per_second": 2.981, "epoch": 25.0}, "0.75": {"eval_loss": 0.3387678563594818, "eval_accuracy": 0.8843843843843844, "eval_f1_macro": 0.8843778676124103, "eval_f1_weighted": 0.8843778676124106, "eval_runtime": 2.3509, "eval_samples_per_second": 283.302, "eval_steps_per_second": 2.978, "epoch": 25.0}, "1.0": {"eval_loss": 0.2984059453010559, "eval_accuracy": 0.8993993993993994, "eval_f1_macro": 0.8992992789682137, "eval_f1_weighted": 0.8992992789682136, "eval_runtime": 2.3477, "eval_samples_per_second": 283.684, "eval_steps_per_second": 2.982, "epoch": 25.0}}