{"0.25": {"eval_loss": 0.6932923793792725, "eval_accuracy": 0.49097472924187724, "eval_f1_macro": 0.4247271441827582, "eval_f1_weighted": 0.42402238263957603, "eval_precision": 0.48541747951619196, "eval_recall": 0.49220623501199046, "eval_auroc": 0.4922062350119904, "eval_runtime": 0.9797, "eval_samples_per_second": 282.736, "eval_steps_per_second": 3.062, "epoch": 25.0}, "0.5": {"eval_loss": 0.691850483417511, "eval_accuracy": 0.5451263537906137, "eval_f1_macro": 0.5025937749401437, "eval_f1_weighted": 0.5031188685061988, "eval_precision": 0.5665643205794363, "eval_recall": 0.5440777812532582, "eval_auroc": 0.5440777812532582, "eval_runtime": 0.9804, "eval_samples_per_second": 282.536, "eval_steps_per_second": 3.06, "epoch": 25.0}, "0.75": {"eval_loss": 0.6915454268455505, "eval_accuracy": 0.5451263537906137, "eval_f1_macro": 0.48733842538190364, "eval_f1_weighted": 0.4879598009561908, "eval_precision": 0.5792866553736119, "eval_recall": 0.5439213846314253, "eval_auroc": 0.5439213846314253, "eval_runtime": 0.9814, "eval_samples_per_second": 282.253, "eval_steps_per_second": 3.057, "epoch": 25.0}, "1.0": {"eval_loss": 0.6900911927223206, "eval_accuracy": 0.5992779783393501, "eval_f1_macro": 0.5907439204568142, "eval_f1_weighted": 0.5909572719038776, "eval_precision": 0.6075076608784473, "eval_recall": 0.5987644666875195, "eval_auroc": 0.5987644666875196, "eval_runtime": 0.982, "eval_samples_per_second": 282.09, "eval_steps_per_second": 3.055, "epoch": 25.0}}